ticket_id,description,customers_requesting,customer_priority
1,"Add support for multi-model deployment","[""Alpha Financial"", ""Beta Health""]",P1
2,"Enhance model evaluation metrics","[""Gamma Retail"", ""Delta Oil""]",P2
3,"Implement real-time monitoring dashboards","[""Epsilon Defense"", ""Zeta Utilities""]",P0
4,"Integrate with existing CI/CD pipelines","[""Eta Government"", ""Alpha Financial""]",P3
5,"Add automated model retraining","[""Beta Health"", ""Gamma Retail""]",P1
6,"Support for federated learning","[""Delta Oil"", ""Epsilon Defense""]",P0
7,"Expand API for custom model integration","[""Zeta Utilities"", ""Eta Government""]",P2
8,"Optimize resource allocation for model training","[""Alpha Financial"", ""Gamma Retail""]",P1
9,"Add user role-based access control","[""Beta Health"", ""Delta Oil""]",P3
10,"Enhance data versioning capabilities","[""Epsilon Defense"", ""Eta Government""]",P2
11,"Support for hybrid cloud deployments","[""Alpha Financial"", ""Zeta Utilities""]",P1
12,"Improve collaboration tools for data scientists","[""Beta Health"", ""Gamma Retail""]",P0
13,"Add blockchain-based data integrity","[""Delta Oil"", ""Epsilon Defense""]",P3
14,"Enhance model interpretability features","[""Eta Government"", ""Alpha Financial""]",P2
15,"Implement automated hyperparameter tuning","[""Beta Health"", ""Gamma Retail""]",P0
16,"Add support for edge AI deployments","[""Delta Oil"", ""Zeta Utilities""]",P1
17,"Improve UI/UX for model management","[""Epsilon Defense"", ""Eta Government""]",P2
18,"Add real-time collaboration features","[""Alpha Financial"", ""Beta Health""]",P3
19,"Enhance data privacy and compliance tools","[""Gamma Retail"", ""Delta Oil""]",P0
20,"Add custom branding for enterprise clients","[""Epsilon Defense"", ""Zeta Utilities""]",P1
21,"Integrate with popular data annotation tools","[""Eta Government"", ""Alpha Financial""]",P2
22,"Add offline mode for model evaluation","[""Beta Health"", ""Gamma Retail""]",P3
23,"Enhance search functionality for datasets","[""Delta Oil"", ""Epsilon Defense""]",P0
24,"Add predictive analytics for model performance","[""Zeta Utilities"", ""Eta Government""]",P1
25,"Improve scalability for large datasets","[""Alpha Financial"", ""Beta Health""]",P2
26,"Add gamification features for user engagement","[""Gamma Retail"", ""Delta Oil""]",P3
27,"Enhance data visualization for model insights","[""Epsilon Defense"", ""Eta Government""]",P0
28,"Add voice recognition for model interaction","[""Alpha Financial"", ""Zeta Utilities""]",P1
29,"Improve integration with ERP systems","[""Beta Health"", ""Gamma Retail""]",P2
30,"Add augmented reality features for data visualization","[""Delta Oil"", ""Epsilon Defense""]",P3
31,"Enhance mobile responsiveness for platform access","[""Eta Government"", ""Alpha Financial""]",P0
32,"Add chatbot support for user queries","[""Beta Health"", ""Gamma Retail""]",P1
33,"Improve data import options for diverse formats","[""Delta Oil"", ""Zeta Utilities""]",P2
34,"Add virtual reality support for immersive analytics","[""Epsilon Defense"", ""Eta Government""]",P3
35,"Enhance email notifications for model updates","[""Alpha Financial"", ""Beta Health""]",P0
36,"Add sentiment analysis for user feedback","[""Gamma Retail"", ""Delta Oil""]",P1
37,"Improve data backup solutions for model data","[""Epsilon Defense"", ""Zeta Utilities""]",P2
38,"Add IoT integration for real-time data","[""Eta Government"", ""Alpha Financial""]",P3
39,"Enhance workflow automation for model lifecycle","[""Beta Health"", ""Gamma Retail""]",P0
40,"Add facial recognition for security","[""Delta Oil"", ""Epsilon Defense""]",P1
41,"Improve cloud storage options for model data","[""Zeta Utilities"", ""Eta Government""]",P2
42,"Add biometric authentication for platform access","[""Alpha Financial"", ""Beta Health""]",P3
43,"Enhance customer feedback tools for platform improvement","[""Gamma Retail"", ""Delta Oil""]",P0
44,"Add video conferencing support for team collaboration","[""Epsilon Defense"", ""Eta Government""]",P1
45,"Improve data encryption for sensitive information","[""Alpha Financial"", ""Zeta Utilities""]",P2
46,"Add AI-powered chatbots for user support","[""Beta Health"", ""Gamma Retail""]",P3
47,"Enhance project management features for AI projects","[""Delta Oil"", ""Epsilon Defense""]",P0
48,"Add custom reporting tools for enterprise analytics","[""Eta Government"", ""Alpha Financial""]",P1
49,"Improve API documentation for developer support","[""Beta Health"", ""Gamma Retail""]",P2
50,"Add advanced search filters for data exploration","[""Delta Oil"", ""Zeta Utilities""]",P3 